Sl no.,Type,Company Name,Address
1,Petrol Pump,Bharat Petroleum  Petrol Pump -Prova S/Stn,"37/1, A P C ROAD, KOLKATA, Kolkata, West Bengal 700009"
2,Petrol Pump,Petrol Pump,"Ward No.3, Hem Chandra Naskar Rd, Subhas Sarobar Park, Phool Bagan, Beleghata, Kolkata, West Bengal 700010"
3,Petrol Pump,Central Avenue Petrol Pump,"Khirode Vidya Binode Ave, Poddar Court, Tiretti, Kolkata, West Bengal 700073"
4,Petrol Pump,Church Lane Petrol Pump,"Church Ln, B.B.D. Bagh, Kolkata, West Bengal 700001"
5,Petrol Pump,Indian Oil Petrol Pump,"Abhay Guha Rd, Sovabazar, Darjipara, Shobhabazar, Kolkata, West Bengal 700006"
6,Petrol Pump,Petrol Pump,"CIT Rd, Kankurgachi, Kolkata, West Bengal 700054"
7,Petrol Pump,Bharat Petrol Pump,"239, Circus Ave Road, Acharya Jagadish Chandra Bose Rd, Sreepally, Bhowanipore, Kolkata, West Bengal 700020"
8,Petrol Pump,Bharat Petroleum  Petrol Pump -Ballygunj Service Stn,"225A, Acharya Jagadish Chandra Bose Rd, Elgin, Kolkata, West Bengal 700020"
9,Petrol Pump,Posta Petrol Pump,"207, Maharshi Debendra Rd, Malapara, Jorabagan, Kolkata, West Bengal 700006"
10,Petrol Pump,Indian Oil Petrol Pump,"57, Park Street, Acharya Jagadish Chandra Bose Rd, Dharmatala, Taltala, Kolkata, West Bengal 700016"
11,Petrol Pump,BPCL Petrol Pump,"87l, Park St, Mullick Bazar, Park Circus, Kolkata, West Bengal 700016"
12,Petrol Pump,Petrol Pump Amherst Street,"33/1, Raja Ram Mohan Sarani, Baithakkhana, Kolkata, West Bengal 700009"
13,Petrol Pump,Hirjee Auto Center - Indian Oil Petrol Pump,"120, 2, Acharya Prafulla Chandra Rd, Machuabazar, Kolkata, West Bengal 700009"
14,Petrol Pump,Indian Oil Servo Petrol Pump,"Dock Eastern Boundary Rd, Babu Bazar, Khidirpur, Kolkata, West Bengal 700023"
15,Petrol Pump,Bharat Petroleum  Petrol Pump -Jameco Agencies (P) Ltd,"Church Ln, B.B.D. Bagh, Kolkata, West Bengal 700001"
16,Petrol Pump,Bharat Petroleum Petrol Pump,"2f, Camac St, Kankaria Estates, Park Street area, Kolkata, West Bengal 700071"
17,Petrol Pump,Indian Oil,"68, Christopher Road, Seal Lane, Tangra, Kolkata, West Bengal 700046"
18,Petrol Pump,HP PETROL PUMP - RAMNAGAR SERVICE STATION,"Harimohan Calcutta, 66/1, Baburam Ghosh Rd, Tollygunge, Kolkata, West Bengal 700024"
19,Petrol Pump,Indian Oil Petrol Pump,"G7GX+359, Paharpur, Garden Reach, Kolkata, West Bengal 700088"
20,Petrol Pump,Bharat Petroleum  Petrol Pump -Imperial Petrol Service Station,"3V, VIVEKANAND RD., KOLKAT, Kolkata, West Bengal 700007"
21,Petrol Pump,Bharat Petroleum  Petrol Pump -Biswanath Motor Co,"RAFI AHMED KIDWAI RD, KOLK, Kolkata, West Bengal 700013"
22,Petrol Pump,Bharat Petroleum  Petrol Pump -Mangalam Service Station,"240A, Acharya Jagadish Chandra Bose Rd, Sreepally, Bhowanipore, Kolkata, West Bengal 700020"
23,Petrol Pump,R N Singh & Sons Petrol Pump,"16b, Beleghata Main Rd, near Punjab National Bank, Subhas Sarobar Park, Phool Bagan, Beleghata, Kolkata, West Bengal 700010"
24,Petrol Pump,Jora Petrol Pump,"10B, Surah E Rd, Subhas Sarobar Park, Phool Bagan, Beleghata, Kolkata, West Bengal 700010"
25,Petrol Pump,Bharat Petroleum  Petrol Pump -CAMAC,"CAMAC STREET ,KOLKATA, Kolkata, West Bengal 700016"
26,Petrol Pump,Belvedere Petrol Pump- Indian Oil,"Alipore Zoo, Belvedere Rd, Lake Place, Alipore, Kolkata, West Bengal 700025"
27,Petrol Pump,HP PETROL PUMP - MATHURIA SERVICE STATION,"17 Debendra Gangully Road Howrah, Kolkata, West Bengal 711103"
28,Petrol Pump,HP PETROL PUMP - PRATAP SERVICE STATION,"103/ Howrah, 21, Upper Foreshore Rd, Choura Bustee, Shibpur, Kolkata, West Bengal 711101"
29,Petrol Pump,Gopal Auto Service,"Belgachia Road,Dutta Bagan, 38/D/H, Khudiram Bose Rd, Tala, MIG Housing, Kolkata, West Bengal 700037"
30,Petrol Pump,HP PETROL PUMP - INDIA TRADING CO,"69, Park Street, Kolkata, 700016"
31,Petrol Pump,Auto Fill In (Indian Oil corporation),"seven point, 32, Circus Ave, Park Circus, Elgin, Kolkata, West Bengal 700017"
32,Petrol Pump,28.No Petrol Pump,"63-77, Garden Reach Rd, Ramnagar Kumar Para Basti, Garden Reach, Kolkata, West Bengal 700024"
33,Petrol Pump,Indian Oil Petrol Pump (K C Daw),"Strand Rd, B.B.D. Bagh, Kolkata, West Bengal 700001"
34,Petrol Pump,Bharat Petroleum,"2, Ganesh Chandra Ave, Mission Row Extension, Esplanade, Bara Bazar, Bowbazar, Kolkata, West Bengal 700013"
35,Petrol Pump,HP PETROL PUMP - JAGADISH AUTO SERVICE,"8/1, Beleghata Main Rd, Seal Lane, Tangra, Kolkata, West Bengal 700015"
36,Petrol Pump,Bharat Petroleum  Petrol Pump -Auto Fuel & Services,"PARK STREET KOLKATA, Kolkata, West Bengal 700016"
37,Petrol Pump,Bharat Petroleum  Petrol Pump,"PARK CIRCUS,KOLKATA, Kolkata, West Bengal 700017"
38,Petrol Pump,HP Petrol Pump,"1C, Ashutosh Mukherjee Rd, Gaza Park, Sreepally, Bhowanipore, Kolkata, West Bengal 700020"
39,Petrol Pump,Petrol Pump,"9336650250 call me, 11, Camac St, Elgin, Kolkata, West Bengal 700071"
40,Petrol Pump,Indian Oil,"13, Camac St, Elgin, Kolkata, West Bengal 700017"
41,Petrol Pump,Central Services,"3 & 5, Ganesh Chandra Avenue,, Kolkata, West Bengal 700013"
42,Petrol Pump,Indian Oil Fuel Station,"4A, Elgin Rd, Sreepally, Bhowanipore, Kolkata, West Bengal 700020"
43,Petrol Pump,Indian Oil Petrol Pump,"P-9, C.I.T. Rd, Sealdah, Moula Ali, Kolkata, West Bengal 700014"
44,Petrol Pump,Bharat Petrol Pump,"147, Rabindra Sarani, Bortola, Kolkata, West Bengal 700007"
45,Petrol Pump,Bharat Petroleum Petrol Pump Chaltabagan,"128-130, Vivekananda Rd, Manicktala, Simla, Machuabazar, Kolkata, West Bengal 700006"
46,Petrol Pump,Indian Oil,"58, Diamond Harbour Rd, Mominpore, Kolkata, West Bengal 700023"
47,Petrol Pump,Mudiali Petrol Pump,"200T, Shyama Prasad Mukherjee Rd, Mudiali, Kalighat, Kolkata, West Bengal 700026"
48,Petrol Pump,HP,"92, Acharya Prafulla Chandra Rd, Garpar, Raja Bazar, Kolkata, West Bengal 700009"
49,Petrol Pump,Bharat Petroleum Petrol Pump,"120, CIT Rd, Paddapukur, Entally, Kolkata, West Bengal 700014"
50,Petrol Pump,Indian Oil Petrol Pump (A group of Sinha Petroleum),"I/10, Connector, Garia Park, Baishnabghata Patuli Twp, Garia, Kolkata, West Bengal 700084"
51,Petrol Pump,Lake Town Petrol Pump,"Khudiram Bose Rd, B Block, Green Park, Lake Town, Kolkata, West Bengal 700089"
52,Petrol Pump,,
53,Petrol Pump,HP PETROL PUMP - HOWRAH MOTORS & ELECTRIC COMPANY,"Bangabasi Cinema Hall, 5/C Mahatma Gandhi Road Howrah Maidan Near, Howrah Railway Station, Kolkata, West Bengal 711101"
54,Petrol Pump,HP Petrol Pump,"7, Grand Trunk Rd, Howrah Railway Station, Tikiapara, Howrah, West Bengal 711101"
55,Petrol Pump,%u09B8%u09C7%u09A8 %u09AA%u09C7%u099F%u09CD%u09B0%u09CB%u09B2 %u09AA%u09BE%u09AE%u09CD%u09AA,"34, Acharya Tulsi Marg, Mali Panchghara, Howrah, West Bengal 711106"
56,Petrol Pump,Bharat Petroleum  Petrol Pump -Makin Bros.,"BONBEHARI BOSE RD.,HOWRAH, Howrah, West Bengal 711101"
57,Petrol Pump,Bharat Petroleum,"97/1, Upper Foreshore Rd, Choura Bustee, Shibpur, Howrah, West Bengal 711102"
58,Petrol Pump,Bharat Petroleum Petrol Pump -Aparna Energy Station,"KONA EXP. II, Howrah, West Bengal 711104"
59,Petrol Pump,Bharat Petroleum  Petrol Pump -Radha S/S,"DR.ABANI DUTTA RD.,HOWRAH, Howrah, West Bengal 711101"
60,Petrol Pump,Manu Filling Station,"67, Benaras Rd, Bamangachi, Salkia, Howrah, West Bengal 711101"
61,Petrol Pump,Hindustan Petroleum Petrol Pump,"103, 1A, Upper Foreshore Rd, Choura Bustee, Shibpur, Howrah, West Bengal 711102"
62,Petrol Pump,Mishra Service Station,"1/1, Duke Road, Choura Bustee, Shibpur, Howrah, West Bengal 711102"
63,Petrol Pump,HP Petrol pump,"52/1, Deshapran Shasmal Rd, Kadam Tala, Howrah, West Bengal 711101"
64,Petrol Pump,Indian Oil Petrol Pump - Maidan Service Station,"5k, Mahatma Gandhi Rd, Howrah Railway Station, Kadam Tala, Howrah, West Bengal 711101"
65,Petrol Pump,Indian Oil Petrol Pump,"226-227, Grand Trunk Rd, Naora, Shibpur, Howrah, West Bengal 711102"
66,Petrol Pump,Hindustan Petroleum Petrol Pump,"10, Maulana Abul Kalam Azad Rd, Gulmohar, Mali Panchghara, Howrah, West Bengal 711105"
67,Petrol Pump,Eseem Service Station,"135, 2, Dr Abani Dutta Rd, Mali Panchghara, Howrah, West Bengal 711106"
68,Petrol Pump,HP PETROL PUMP - PRATAP SERVICE STATION,"103/ Howrah, 21, Upper Foreshore Rd, Choura Bustee, Shibpur, Kolkata, West Bengal 711101"
69,Petrol Pump,New Sushil road lines,"1/1, 2, duke road, near Mishra petrol pump, Choura Bustee, Shibpur, Howrah, West Bengal 711102"
70,Petrol Pump,Gauriyo Moth Petrol Pump,"Netaji Subhash Rd, Bantra, Ichapur, Howrah, West Bengal 711104"
71,Petrol Pump,Bharat Petroleum - Balaji Enterprise,"94, Benaras Rd, Bamangachi, Salkia, Howrah, West Bengal 711106"
72,Petrol Pump,Hp Petrol pump,"135, 1, Babudanga, Mali Panchghara, Howrah, West Bengal 711106"
73,Petrol Pump,HP PETROL PUMP - LAKSHMI AUTOMOBILE STORES,"2 West Bengal, 126, Narasingha Dutta Rd, Bantra, Ichapur, Kolkata, West Bengal 711101"
74,Petrol Pump,BPCL Petrol Pump -Grewal Auto Service,"97/1, Upper Foreshore Rd, Choura Bustee, Shibpur, Howrah, West Bengal 711102"
75,Petrol Pump,Mh Filling Centre,"14, 14, Kona Expy, Belepole, Chatterjihat, Shibpur, Howrah, West Bengal 711104"
76,Petrol Pump,Petrol Pump,"3, Billiards Rd, Howrah Railway Station, Kadam Tala, Howrah, West Bengal 711101"
77,Petrol Pump,Indian Oil Petroleum,"H8JM+H3M, Howrah Railway Station, Howrah, West Bengal 711101"
78,Petrol Pump,Indian Oil Petrol Pump,"1/2 lakshmi narayan talla, Andul Rd, Shalimar, Howrah, West Bengal 711103"
79,Petrol Pump,Sur Petrol Pump,"109, Grand Trunk Rd, Belur, Liluah, Howrah, West Bengal 711204"
80,Petrol Pump,HP PETROL PUMP - KANAK SERVICE STATION,"Biplabi Haren Ghosh Biplabi Haren Ghosh West Bengal, Grand Trunk Rd, %u0938%u093E%u0930%u0923%u0940, Bagmari, Kolkata, West Bengal 711101"
81,Petrol Pump,Bharat Petroleum  Petrol Pump -Harisadhan Service Station,"31/1SHAIKPARA LANE SHIBPUR, Howrah, West Bengal 711104"
82,Petrol Pump,Bharat Petroleum  Petrol Pump -Manada Motors Serv.,"314,GT ROAD(NORTH),HOWRAH, Howrah, West Bengal 711106"
83,Petrol Pump,Bhawani petrol pump belgachhia,"P/61, Benaras Rd, Belgachia, Liluah, Howrah, West Bengal 711108"
84,Petrol Pump,Indian Oil Petrol Pump,"P.S. CHATTERJEEHAT, 119, MB Rd, Santragachi, Ichapur, Howrah, West Bengal 711104"
85,Petrol Pump,Karunamoyee Service,"SH6, Shalimar, Howrah, West Bengal 711103"
86,Petrol Pump,BPCL Retail Outlet,"Kona Expy, Shibpur, Howrah, West Bengal 711101"
87,Petrol Pump,Notun Rasta Petrol Pump,"Dr Bholanath Chakraborty Sarani, Bantra, Shibpur, Howrah, West Bengal 711104"
88,Petrol Pump,Jaunpur Service Station,"194/1, Grand Trunk Road, Salkia, Howrah, West Bengal 711106"
89,Petrol Pump,Kalikundu Lane Petrol Pump,"Netaji Subhash Rd, Kadam Tala, Howrah, West Bengal 711101"
90,Petrol Pump,HP Petrol Pump  Bakultala Motor Stores,"Botanical Garden Road, 15, Andul Rd, Opposite of, New Gate, Howrah, West Bengal 711109"
91,Petrol Pump,HP Petrol Pump Auto Care Centre - Mourigram,"Panchpara, Andul Rd, Mourigram, Howrah, West Bengal 711317"
92,Petrol Pump,Indian Oil Petrol Pump & Service Centre (Anila Service Station),"14, 14, Kona Expy, Chatterjihat, Shibpur, Howrah, West Bengal 711104"
93,Petrol Pump,Bakul Tala Motor Stores (HPCL PETROL PUMP),"Andul Road Panchpara Howrah, Howrah Panchpara, West Bengal 711317"
94,Petrol Pump,Indian Oil - Akashmoni Tours and Travels,"304, Grand Trunk Rd, Kazipada, Shibpur, Howrah, West Bengal 711103"
95,Petrol Pump,BALITIKURI PETROL PUMP,"J822+HX3, Natun Pally, Surkimill, Balitikuri, Howrah, West Bengal 711113"
96,Petrol Pump,Petrol pump,"302, Naora, Shibpur, Howrah, West Bengal 711102"
97,Petrol Pump,Badamtalla Petrol Pump,"Grand Trunk Rd, Belur, Bally, Howrah, West Bengal 711201"
98,Petrol Pump,HP PETROL PUMP - STANDARD AUTO SERVICE,"Howrah, 212, Grand Trunk Rd, Pilkhana, Salkia, Kolkata, West Bengal 711107"
99,Petrol Pump,Bhabani Service Station-Bharat Petroleum,"42, Benaras Rd, Kunjapara, Belgachia, Dasnagar, Howrah, West Bengal 711105"
100,Petrol Pump,Spice Gas LPG,"Upper Foreshore Rd, Choura Bustee, Shibpur, Howrah, West Bengal 711101"
101,Petrol Pump,Bharat Petroleum  Petrol Pump -Karunamoyee Service,"ANDUL ROAD, HOWRAH, Howrah, West Bengal 711103"
102,Petrol Pump,Kona Filling Station,"khaliya, Benaras Rd, Chamrail, Howrah, West Bengal 711114"
103,Petrol Pump,HP PETROL PUMP SM FILLING CENTER,"Ekshara, Benaras Rd, near mm weigh bridge, Howrah, West Bengal 711114"
104,,,
105,Electric vehicle charging station,Electric Vehicle Charging Station,"Under, Maa Flyover, near Charcoal grill Restaurant, Park Circus, at, Kolkata, West Bengal 700017"
106,Electric vehicle charging station,Electric Vehicle Charging Station,"1, Chittaranjan Ave, %u090F%u0938%u094D%u092A%u0932%u0947%u0928%u0947%u0921, %u091A%u094B%u0935%u094D%u0930%u093F%u0928%u094D%u0918%u0940 %u0928%u0949%u0930%u094D%u0925, %u092C%u094B %u092C%u0948%u0930%u0915%u094D%u0938, %u0915%u094B%u0932%u0915%u093E%u0924%u093E, %u092A%u0936%u094D%u091A%u093F%u092E %u092C%u0902%u0917%u093E%u0932 700072"
107,Electric vehicle charging station,Electrical Vehicle Charging Station,"Indian Oil Bhavan 2, Gariahat Rd, Jodhpur Park, Kolkata, West Bengal 700068"
108,Electric vehicle charging station,Electric Vehicle Charging Station,"Opp.Lake Police Stn./ Indian Oil Corp. H.O, Jodhpur Park, Kolkata, West Bengal 700068"
109,Electric vehicle charging station,Electric Vehicle Charging Station,"P54, Hide Rd, Tikiapara, Garden Reach, Kolkata, West Bengal 700043"
110,Electric vehicle charging station,Tata Charging Station,"43, Jawaharlal Nehru Rd, Kankaria Estates, Park Street area, Kolkata, West Bengal 700071"
111,Electric vehicle charging station,Electric Vehicle Charging Station,"Second Floor 1644, Rajdanga Pally, EKTP Phase 3, Sector G, East Kolkata Twp, Kolkata, West Bengal 700107"
112,Electric vehicle charging station,Electric Vehicle Charging Station,"Millenium Tower, Major Arterial Road(South-East), International Finalcial Hub(CBD), Kadampukur Village, Newtown, Kolkata, West Bengal 700156"
113,Electric vehicle charging station,Electric Vehicle Charging Station,"26, Alipur Rd, Alipore, Kolkata, West Bengal 700027"
114,Electric vehicle charging station,Electric Vehicle Charging Station,"G78H+32G, Rampur, Santoshpur, Kolkata, West Bengal 700088"
115,Electric vehicle charging station,Electric Vehicle Charging Station,"10, Mahendra Colony, Cantonment, Rajbari, Dum Dum, Kolkata, West Bengal 700028"
116,Electric vehicle charging station,Electric Vehicle Charging Station,"63, Khudiram Bose Rd, Birendranagar Colony, Belgachia, Kolkata, West Bengal 700037"
117,Electric vehicle charging station,Electric Vehicle Charging Station,"NH34, Jatragachhi, Deshbandhu Nagar, Newtown, Kolkata, West Bengal 700156"
118,Electric vehicle charging station,NKDA Charging Station,"Unnamed Road, Jatragachhi, Deshbandhu Nagar, Rekjuani, Kolkata, West Bengal 700156"
119,Electric vehicle charging station,Electric Vehicle Charging Station,"No.1, Sourin Roy Rd, Diamond Harbour Rd, Behala, Kolkata, West Bengal 700034"
120,Electric vehicle charging station,TATA Charging Station,"707, Jadu Colony, Sarada Pally, Kolkata, West Bengal 700034"
121,Electric vehicle charging station,Electric Vehicle Charging Station,"292, R N Guha Road, Dumdum Nagerbazar, Kolkata, West Bengal 700028"
122,Electric vehicle charging station,Electric Vehicle Charging Station,"111a, Rishi Bankim Chandra Road, Mahendra Colony, Cantonment, Rajbari, Dum Dum, Kolkata, West Bengal 700028"
123,Electric vehicle charging station,Hero Electric Charging Station,"188/1, Block - J, New Alipore, Kolkata, West Bengal 700038"
124,Electric vehicle charging station,Hero Electric Charging Station,"23/A, Diamond Harbour Road, New Alipore, Kolkata, West Bengal 700088"
125,Electric vehicle charging station,Electric Vehicle Charging Station,"Malancha Housing, Action Area IIB, Rekjuani, Kolkata, West Bengal 700135"
126,Electric vehicle charging station,Electric Vehicle Charging Station,"Shapoorji Bus Terminus, Action Area III, Newtown, Kolkata, West Bengal 700135"
127,Electric vehicle charging station,Electric Vehicle Charging Station,"Parking Lot Golf Club, Gate no. 6, Ecopark, Deshbandhu Nagar, Rekjuani, West Bengal 700156"
128,Electric vehicle charging station,Electric Vehicle Charging Station,"Nawabpur (New Town, Action Area IIE, Rekjuani, Kolkata, West Bengal 700135"
129,Electric vehicle charging station,Hero Electric Charging Station,"109/1/F Girish Ghosh Road, Howrah, Kolkata, West Bengal 711202"
130,Electric vehicle charging station,Electric Vehicle Charging Station,"Mehman Kolkata Restaurant, BF Block(Newtown), Action Area 1B, Newtown, NKDA, West Bengal 700156"
131,Electric vehicle charging station,Hero Electric Charging Station,"Chetla Hut Road, Kalighat, West Bengal 700027"
132,Electric vehicle charging station,Hero Electric Charging Station,"Sen Mukherjee Bagan, 1, Diamond Harbour Rd, Pora Aswathatola, Paschim Barisha, Kolkata, West Bengal 700063"
133,Electric vehicle charging station,EV Charging Solution,"2nd Floor, Room 24C, Gajraj Chamber, 86B/2, Topsia Rd, Topsia, Kolkata, West Bengal 700046"
134,Electric vehicle charging station,Electric Vehicle Charging Station,"1021, Janoki,opposite to SBI Bank, JN Bose Rd, Kodalla, Rajpur Sonarpur, Kolkata, West Bengal 700146"
135,Electric vehicle charging station,Hero Electric Charging Station,"295 G.T Road Belur Howrah, Howrah, Kolkata, West Bengal 711202"
136,Electric vehicle charging station,S.S.Enterprise,"41c, Ashutosh Mukherjee Rd, Bot Tola, Shyampur, Budge Budge, Kolkata, West Bengal 700137"
137,Electric vehicle charging station,Hero Electric Vehicle Charging Station,"D.H. Road, Bratachari Gram, Joka, Kolkata, West Bengal 700104"
138,Electric vehicle charging station,Electric Vehicle Charging Station,"Balaram Hospital, 10, Barrackpore Trunk Rd, Khardaha, Kolkata, West Bengal 700116"
139,Electric vehicle charging station,Electric Vehicle Charging Station,"IOCL Paul Chowdhury Enterprise, Barrackpore Trunk Rd, Vivek Nagar, Titagarh, Kolkata, West Bengal 700119"
140,Electric vehicle charging station,Nafish aman electric,"1811, Kolkata, West Bengal 700135"
141,Electric vehicle charging station,EESL Charging Station,"Street Number 24, Sub-Central Business District(Action Area 1), Action Area I, Newtown, New Town, West Bengal 700156"
142,Electric vehicle charging station,ZAKIR & SONS ELECTRONICS,"35, 1, Samsul Huda Rd, Park Circus, Ballygunge, Kolkata, West Bengal 700017"
143,Electric vehicle charging station,J D Enterprise,"Sree Colony Bazar, Bijoygarh, Kolkata, West Bengal 700032"
144,Electric vehicle charging station,Electric Vehicle Charging Station,"%u0995%u09B2%u0995%u09BE%u09A4%u09BE, Ghuni Rd, Action Area IIE, Newtown, New Town, West Bengal 700157"
145,Electric vehicle charging station,Electric Vehicle Charging Station,"Malancha Housing, Action Area IIB, Rekjuani, Kolkata, West Bengal 700135"
146,Electric vehicle charging station,Electric Vehicle Charging Station,"Shapoorji Bus Terminus, Action Area III, Newtown, Kolkata, West Bengal 700135"
147,Electric vehicle charging station,Electric Vehicle Charging Station,"Parking Lot Golf Club, Gate no. 6, Ecopark, Deshbandhu Nagar, Rekjuani, West Bengal 700156"
148,Electric vehicle charging station,Electric Vehicle Charging Station,"Nawabpur (New Town, Action Area IIE, Rekjuani, Kolkata, West Bengal 700135"
149,Electric vehicle charging station,Hero Electric Charging Station,"109/1/F Girish Ghosh Road, Howrah, Kolkata, West Bengal 711202"
150,Electric vehicle charging station,Electric Vehicle Charging Station,"Mehman Kolkata Restaurant, BF Block(Newtown), Action Area 1B, Newtown, NKDA, West Bengal 700156"
151,Electric vehicle charging station,Hero Electric Charging Station,"Chetla Hut Road, Kalighat, West Bengal 700027"
152,Electric vehicle charging station,Hero Electric Charging Station,"Sen Mukherjee Bagan, 1, Diamond Harbour Rd, Pora Aswathatola, Paschim Barisha, Kolkata, West Bengal 700063"
153,Electric vehicle charging station,EV Charging Solution,"2nd Floor, Room 24C, Gajraj Chamber, 86B/2, Topsia Rd, Topsia, Kolkata, West Bengal 700046"
154,Electric vehicle charging station,Electric Vehicle Charging Station,"1021, Janoki,opposite to SBI Bank, JN Bose Rd, Kodalla, Rajpur Sonarpur, Kolkata, West Bengal 700146"
155,Electric vehicle charging station,Hero Electric Charging Station,"295 G.T Road Belur Howrah, Howrah, Kolkata, West Bengal 711202"
156,,,
157,Electric vehicle charging station,EESL Charging Station,"Street Number 24, Sub-Central Business District(Action Area 1), Action Area I, Newtown, New Town, West Bengal 700156"
158,Electric vehicle charging station,Mahindra Charging Station,"Near Tank No 3, Opp Goutams, Street Number 24, Action Area I, New Town, West Bengal 700156"
159,Electric vehicle charging station,Electric Vehicle Charging Station,"Street Number 30, AF Block(Newtown), Action Area I, New Town, West Bengal 700059"
160,Electric vehicle charging station,Electric Vehicle Charging Station,"Under, Maa Flyover, near Charcoal grill Restaurant, Park Circus, at, Kolkata, West Bengal 700017"
161,Electric vehicle charging station,Electric Vehicle Charging Station,"63, Khudiram Bose Rd, Birendranagar Colony, Belgachia, Kolkata, West Bengal 700037"
162,Electric vehicle charging station,Electric Vehicle Charging Station,"Mehman Kolkata Restaurant, BF Block(Newtown), Action Area 1B, Newtown, NKDA, West Bengal 700156"
163,Electric vehicle charging station,Electric Vehicle Charging Station,"292, R N Guha Road, Dumdum Nagerbazar, Kolkata, West Bengal 700028"
164,Electric vehicle charging station,Electric Vehicle Charging Station,"Millenium Tower, Major Arterial Road(South-East), International Finalcial Hub(CBD), Kadampukur Village, Newtown, Kolkata, West Bengal 700156"
165,Electric vehicle charging station,EESL Charging Station,"Tata Cancer Hospital, DH Block(Newtown), Action Area 1D, Newtown, New Town, West Bengal 700156"
166,Electric vehicle charging station,Mahindra Charging Station,"HFP4+4QC, AE Block(Newtown), Newtown, New Town, West Bengal 700059"
167,Electric vehicle charging station,Electric Vehicle Charging Station,"NH34, Jatragachhi, Deshbandhu Nagar, Newtown, Kolkata, West Bengal 700156"
168,Electric vehicle charging station,NKDA Charging Station,"Unnamed Road, Jatragachhi, Deshbandhu Nagar, Rekjuani, Kolkata, West Bengal 700156"
169,Electric vehicle charging station,Electric Vehicle Charging Station,"%u0995%u09B2%u0995%u09BE%u09A4%u09BE, Ghuni Rd, Action Area IIE, Newtown, New Town, West Bengal 700157"
170,Electric vehicle charging station,Electric Vehicle Charging Station,"Automall, Service Rd, Action Area II, Tali Park, Action Area IID, New Town, West Bengal 700052"
171,Electric vehicle charging station,Electric Vehicle Charging Point,"Plot No.2C, Premises No.10, 097, Street Number 110, BA Block(Newtown), Action Area I, Newtown, New Town, West Bengal 700156"
172,Electric vehicle charging station,Electric Vehicle Charging Station,"Opp.Lake Police Stn./ Indian Oil Corp. H.O, Jodhpur Park, Kolkata, West Bengal 700068"
173,Electric vehicle charging station,Electric Vehicle Charging Station,"Second Floor 1644, Rajdanga Pally, EKTP Phase 3, Sector G, East Kolkata Twp, Kolkata, West Bengal 700107"
174,Electric vehicle charging station,Electric Vehicle Charging Station,"111a, Rishi Bankim Chandra Road, Mahendra Colony, Cantonment, Rajbari, Dum Dum, Kolkata, West Bengal 700028"
175,Electric vehicle charging station,Electric Vehicle Charging Station,"10, Mahendra Colony, Cantonment, Rajbari, Dum Dum, Kolkata, West Bengal 700028"
176,Electric vehicle charging station,Electric Vehicle Charging Station,"Nawabpur (New Town, Action Area IIE, Rekjuani, Kolkata, West Bengal 700135"
177,Electric vehicle charging station,EESL Charging Station,"Street Number 24, Sub-Central Business District(Action Area 1), Action Area I, Newtown, New Town, West Bengal 700156"
178,Electric vehicle charging station,Mahindra Charging Station,"Near Tank No 3, Opp Goutams, Street Number 24, Action Area I, New Town, West Bengal 700156"
179,Electric vehicle charging station,Electric Vehicle Charging Station,"Street Number 30, AF Block(Newtown), Action Area I, New Town, West Bengal 700059"
180,Electric vehicle charging station,Electric Vehicle Charging Station,"Under, Maa Flyover, near Charcoal grill Restaurant, Park Circus, at, Kolkata, West Bengal 700017"
181,Electric vehicle charging station,Electric Vehicle Charging Station,"63, Khudiram Bose Rd, Birendranagar Colony, Belgachia, Kolkata, West Bengal 700037"
182,Electric vehicle charging station,Electric Vehicle Charging Station,"Mehman Kolkata Restaurant, BF Block(Newtown), Action Area 1B, Newtown, NKDA, West Bengal 700156"
183,Electric vehicle charging station,Electric Vehicle Charging Station,"292, R N Guha Road, Dumdum Nagerbazar, Kolkata, West Bengal 700028"
184,Electric vehicle charging station,Electric Vehicle Charging Station,"Millenium Tower, Major Arterial Road(South-East), International Finalcial Hub(CBD), Kadampukur Village, Newtown, Kolkata, West Bengal 700156"
185,Electric vehicle charging station,EESL Charging Station,"Tata Cancer Hospital, DH Block(Newtown), Action Area 1D, Newtown, New Town, West Bengal 700156"
186,Electric vehicle charging station,Mahindra Charging Station,"HFP4+4QC, AE Block(Newtown), Newtown, New Town, West Bengal 700059"
187,Electric vehicle charging station,Electric Vehicle Charging Station,"NH34, Jatragachhi, Deshbandhu Nagar, Newtown, Kolkata, West Bengal 700156"
188,Electric vehicle charging station,NKDA Charging Station,"Unnamed Road, Jatragachhi, Deshbandhu Nagar, Rekjuani, Kolkata, West Bengal 700156"
189,Electric vehicle charging station,Electric Vehicle Charging Station,"%u0995%u09B2%u0995%u09BE%u09A4%u09BE, Ghuni Rd, Action Area IIE, Newtown, New Town, West Bengal 700157"
190,Electric vehicle charging station,Electric Vehicle Charging Station,"Automall, Service Rd, Action Area II, Tali Park, Action Area IID, New Town, West Bengal 700052"
191,Electric vehicle charging station,Electric Vehicle Charging Point,"Plot No.2C, Premises No.10, 097, Street Number 110, BA Block(Newtown), Action Area I, Newtown, New Town, West Bengal 700156"
192,Electric vehicle charging station,Electric Vehicle Charging Station,"Opp.Lake Police Stn./ Indian Oil Corp. H.O, Jodhpur Park, Kolkata, West Bengal 700068"
193,Electric vehicle charging station,Electric Vehicle Charging Station,"Second Floor 1644, Rajdanga Pally, EKTP Phase 3, Sector G, East Kolkata Twp, Kolkata, West Bengal 700107"
194,Electric vehicle charging station,Electric Vehicle Charging Station,"111a, Rishi Bankim Chandra Road, Mahendra Colony, Cantonment, Rajbari, Dum Dum, Kolkata, West Bengal 700028"
195,Electric vehicle charging station,Electric Vehicle Charging Station,"10, Mahendra Colony, Cantonment, Rajbari, Dum Dum, Kolkata, West Bengal 700028"
196,Electric vehicle charging station,Electric Vehicle Charging Station,"Nawabpur (New Town, Action Area IIE, Rekjuani, Kolkata, West Bengal 700135"
197,Electric vehicle charging station,EESL Charging Station,"Street Number 24, Sub-Central Business District(Action Area 1), Action Area I, Newtown, New Town, West Bengal 700156"
198,Electric vehicle charging station,Mahindra Charging Station,"Near Tank No 3, Opp Goutams, Street Number 24, Action Area I, New Town, West Bengal 700156"
199,Electric vehicle charging station,Electric Vehicle Charging Station,"Street Number 30, AF Block(Newtown), Action Area I, New Town, West Bengal 700059"
200,Electric vehicle charging station,Electric Vehicle Charging Station,"Under, Maa Flyover, near Charcoal grill Restaurant, Park Circus, at, Kolkata, West Bengal 700017"
201,Electric vehicle charging station,Electric Vehicle Charging Station,"63, Khudiram Bose Rd, Birendranagar Colony, Belgachia, Kolkata, West Bengal 700037"
202,Electric vehicle charging station,Electric Vehicle Charging Station,"Mehman Kolkata Restaurant, BF Block(Newtown), Action Area 1B, Newtown, NKDA, West Bengal 700156"
203,Electric vehicle charging station,Electric Vehicle Charging Station,"292, R N Guha Road, Dumdum Nagerbazar, Kolkata, West Bengal 700028"
204,Electric vehicle charging station,Electric Vehicle Charging Station,"Millenium Tower, Major Arterial Road(South-East), International Finalcial Hub(CBD), Kadampukur Village, Newtown, Kolkata, West Bengal 700156"
205,Electric vehicle charging station,EESL Charging Station,"Tata Cancer Hospital, DH Block(Newtown), Action Area 1D, Newtown, New Town, West Bengal 700156"
206,Electric vehicle charging station,Mahindra Charging Station,"HFP4+4QC, AE Block(Newtown), Newtown, New Town, West Bengal 700059"
207,Electric vehicle charging station,Electric Vehicle Charging Station,"NH34, Jatragachhi, Deshbandhu Nagar, Newtown, Kolkata, West Bengal 700156"
208,Electric vehicle charging station,,
209,Electric vehicle charging station,EESL Charging Station,"Street Number 24, Sub-Central Business District(Action Area 1), Action Area I, Newtown, New Town, West Bengal 700156"
210,Electric vehicle charging station,Mahindra Charging Station,"Near Tank No 3, Opp Goutams, Street Number 24, Action Area I, New Town, West Bengal 700156"
211,Electric vehicle charging station,Electric Vehicle Charging Station,"Street Number 30, AF Block(Newtown), Action Area I, New Town, West Bengal 700059"
212,Electric vehicle charging station,Electric Vehicle Charging Station,"Under, Maa Flyover, near Charcoal grill Restaurant, Park Circus, at, Kolkata, West Bengal 700017"
213,Electric vehicle charging station,Electric Vehicle Charging Station,"63, Khudiram Bose Rd, Birendranagar Colony, Belgachia, Kolkata, West Bengal 700037"
214,Electric vehicle charging station,Electric Vehicle Charging Station,"Mehman Kolkata Restaurant, BF Block(Newtown), Action Area 1B, Newtown, NKDA, West Bengal 700156"
215,Electric vehicle charging station,Electric Vehicle Charging Station,"292, R N Guha Road, Dumdum Nagerbazar, Kolkata, West Bengal 700028"
216,Electric vehicle charging station,Electric Vehicle Charging Station,"Millenium Tower, Major Arterial Road(South-East), International Finalcial Hub(CBD), Kadampukur Village, Newtown, Kolkata, West Bengal 700156"
217,Electric vehicle charging station,EESL Charging Station,"Tata Cancer Hospital, DH Block(Newtown), Action Area 1D, Newtown, New Town, West Bengal 700156"
218,Electric vehicle charging station,Mahindra Charging Station,"HFP4+4QC, AE Block(Newtown), Newtown, New Town, West Bengal 700059"
219,Electric vehicle charging station,Electric Vehicle Charging Station,"NH34, Jatragachhi, Deshbandhu Nagar, Newtown, Kolkata, West Bengal 700156"
220,Electric vehicle charging station,NKDA Charging Station,"Unnamed Road, Jatragachhi, Deshbandhu Nagar, Rekjuani, Kolkata, West Bengal 700156"
221,Electric vehicle charging station,Electric Vehicle Charging Station,"%u0995%u09B2%u0995%u09BE%u09A4%u09BE, Ghuni Rd, Action Area IIE, Newtown, New Town, West Bengal 700157"
222,Electric vehicle charging station,Electric Vehicle Charging Station,"Automall, Service Rd, Action Area II, Tali Park, Action Area IID, New Town, West Bengal 700052"
223,Electric vehicle charging station,Electric Vehicle Charging Point,"Plot No.2C, Premises No.10, 097, Street Number 110, BA Block(Newtown), Action Area I, Newtown, New Town, West Bengal 700156"
224,Electric vehicle charging station,Electric Vehicle Charging Station,"Opp.Lake Police Stn./ Indian Oil Corp. H.O, Jodhpur Park, Kolkata, West Bengal 700068"
225,Electric vehicle charging station,Electric Vehicle Charging Station,"Second Floor 1644, Rajdanga Pally, EKTP Phase 3, Sector G, East Kolkata Twp, Kolkata, West Bengal 700107"
226,Electric vehicle charging station,Electric Vehicle Charging Station,"111a, Rishi Bankim Chandra Road, Mahendra Colony, Cantonment, Rajbari, Dum Dum, Kolkata, West Bengal 700028"
227,Electric vehicle charging station,Electric Vehicle Charging Station,"10, Mahendra Colony, Cantonment, Rajbari, Dum Dum, Kolkata, West Bengal 700028"
228,Electric vehicle charging station,Electric Vehicle Charging Station,"Nawabpur (New Town, Action Area IIE, Rekjuani, Kolkata, West Bengal 700135"
229,Electric vehicle charging station,EESL Charging Station,"Street Number 24, Sub-Central Business District(Action Area 1), Action Area I, Newtown, New Town, West Bengal 700156"
230,Electric vehicle charging station,Mahindra Charging Station,"Near Tank No 3, Opp Goutams, Street Number 24, Action Area I, New Town, West Bengal 700156"
231,Electric vehicle charging station,Electric Vehicle Charging Station,"Street Number 30, AF Block(Newtown), Action Area I, New Town, West Bengal 700059"
232,Electric vehicle charging station,Electric Vehicle Charging Station,"Under, Maa Flyover, near Charcoal grill Restaurant, Park Circus, at, Kolkata, West Bengal 700017"
233,Electric vehicle charging station,Electric Vehicle Charging Station,"63, Khudiram Bose Rd, Birendranagar Colony, Belgachia, Kolkata, West Bengal 700037"
234,Electric vehicle charging station,Electric Vehicle Charging Station,"Mehman Kolkata Restaurant, BF Block(Newtown), Action Area 1B, Newtown, NKDA, West Bengal 700156"
235,Electric vehicle charging station,Electric Vehicle Charging Station,"292, R N Guha Road, Dumdum Nagerbazar, Kolkata, West Bengal 700028"
236,Electric vehicle charging station,Electric Vehicle Charging Station,"Millenium Tower, Major Arterial Road(South-East), International Finalcial Hub(CBD), Kadampukur Village, Newtown, Kolkata, West Bengal 700156"
237,Electric vehicle charging station,EESL Charging Station,"Tata Cancer Hospital, DH Block(Newtown), Action Area 1D, Newtown, New Town, West Bengal 700156"
238,Electric vehicle charging station,Mahindra Charging Station,"HFP4+4QC, AE Block(Newtown), Newtown, New Town, West Bengal 700059"
239,Electric vehicle charging station,Electric Vehicle Charging Station,"NH34, Jatragachhi, Deshbandhu Nagar, Newtown, Kolkata, West Bengal 700156"
240,Electric vehicle charging station,NKDA Charging Station,"Unnamed Road, Jatragachhi, Deshbandhu Nagar, Rekjuani, Kolkata, West Bengal 700156"
241,Electric vehicle charging station,Electric Vehicle Charging Station,"%u0995%u09B2%u0995%u09BE%u09A4%u09BE, Ghuni Rd, Action Area IIE, Newtown, New Town, West Bengal 700157"
242,Electric vehicle charging station,Electric Vehicle Charging Station,"Automall, Service Rd, Action Area II, Tali Park, Action Area IID, New Town, West Bengal 700052"
243,Electric vehicle charging station,Electric Vehicle Charging Point,"Plot No.2C, Premises No.10, 097, Street Number 110, BA Block(Newtown), Action Area I, Newtown, New Town, West Bengal 700156"
244,Electric vehicle charging station,Electric Vehicle Charging Station,"Opp.Lake Police Stn./ Indian Oil Corp. H.O, Jodhpur Park, Kolkata, West Bengal 700068"
245,Electric vehicle charging station,Electric Vehicle Charging Station,"Second Floor 1644, Rajdanga Pally, EKTP Phase 3, Sector G, East Kolkata Twp, Kolkata, West Bengal 700107"
246,Electric vehicle charging station,Electric Vehicle Charging Station,"111a, Rishi Bankim Chandra Road, Mahendra Colony, Cantonment, Rajbari, Dum Dum, Kolkata, West Bengal 700028"
247,Electric vehicle charging station,Electric Vehicle Charging Station,"10, Mahendra Colony, Cantonment, Rajbari, Dum Dum, Kolkata, West Bengal 700028"
248,Electric vehicle charging station,Electric Vehicle Charging Station,"Nawabpur (New Town, Action Area IIE, Rekjuani, Kolkata, West Bengal 700135"
249,Electric vehicle charging station,EESL Charging Station,"Street Number 24, Sub-Central Business District(Action Area 1), Action Area I, Newtown, New Town, West Bengal 700156"
250,Electric vehicle charging station,Mahindra Charging Station,"Near Tank No 3, Opp Goutams, Street Number 24, Action Area I, New Town, West Bengal 700156"
251,Electric vehicle charging station,Electric Vehicle Charging Station,"Street Number 30, AF Block(Newtown), Action Area I, New Town, West Bengal 700059"
252,Electric vehicle charging station,Electric Vehicle Charging Station,"Under, Maa Flyover, near Charcoal grill Restaurant, Park Circus, at, Kolkata, West Bengal 700017"
253,Electric vehicle charging station,Electric Vehicle Charging Station,"63, Khudiram Bose Rd, Birendranagar Colony, Belgachia, Kolkata, West Bengal 700037"
254,Electric vehicle charging station,Electric Vehicle Charging Station,"Mehman Kolkata Restaurant, BF Block(Newtown), Action Area 1B, Newtown, NKDA, West Bengal 700156"
255,Electric vehicle charging station,Electric Vehicle Charging Station,"292, R N Guha Road, Dumdum Nagerbazar, Kolkata, West Bengal 700028"
256,Electric vehicle charging station,Electric Vehicle Charging Station,"Millenium Tower, Major Arterial Road(South-East), International Finalcial Hub(CBD), Kadampukur Village, Newtown, Kolkata, West Bengal 700156"
257,Electric vehicle charging station,EESL Charging Station,"Tata Cancer Hospital, DH Block(Newtown), Action Area 1D, Newtown, New Town, West Bengal 700156"
258,Electric vehicle charging station,Mahindra Charging Station,"HFP4+4QC, AE Block(Newtown), Newtown, New Town, West Bengal 700059"
259,Electric vehicle charging station,Electric Vehicle Charging Station,"NH34, Jatragachhi, Deshbandhu Nagar, Newtown, Kolkata, West Bengal 700156"
